run	sample	individual	disease_state	timepoint	raw_reads_total	trimmed_reads_total	retained_pct	q30_before	q30_after	gc_before	gc_after	duplication_pct	salmon_processed_fragments	salmon_mapped_fragments	mapping_rate	library_type
SRR15881871	GSM5576716	case subject 1	T2D case	baseline	53040700	50213010	94.67	91.98	94.51	45.38	45.1	8.66	25106505	7845977	31.25	ISR
SRR15881872	GSM5576717	case subject 2	T2D case	baseline	27367968	26754554	97.76	96.81	97.79	45.48	45.41	12.69	13377277	5052546	37.77	ISR
SRR15881873	GSM5576718	case subject 3	T2D case	baseline	56568480	53758720	95.03	92.74	94.95	43.54	43.45	3.45	26879360	6397362	23.8	ISR
SRR15881874	GSM5576719	case subject 4	T2D case	baseline	23230176	22599096	97.28	95.99	97.22	45.31	45.22	10.95	11299548	5106664	45.19	ISR
SRR15881875	GSM5576720	case subject 5	T2D case	baseline	41121710	38131684	92.73	89.94	93.52	43.83	43.51	7.5	19065842	4912896	25.77	ISR
SRR15881876	GSM5576721	case subject 6	T2D case	baseline	51021164	47568708	93.23	90.08	93.34	45.28	44.9	9.92	23784354	7111622	29.9	ISR
SRR15881877	GSM5576722	case subject 7	T2D case	baseline	44425128	41797792	94.09	90.97	93.84	44.06	43.74	6.26	20898896	7408680	35.45	ISR
SRR15881878	GSM5576723	case subject 8	T2D case	baseline	62372480	60267614	96.63	94.27	95.92	55.99	55.8	68.26	30133807	492557	1.63	ISR
SRR15881879	GSM5576724	case subject 9	T2D case	baseline	45932176	43662412	95.06	92.02	94.4	43.42	43.22	12.68	21831206	10596890	48.54	ISR
SRR15881880	GSM5576725	case subject 10	T2D case	baseline	30904966	28953914	93.69	90.36	93.47	48.13	47.67	14.45	14476957	4781241	33.03	ISR
SRR15881881	GSM5576726	case subject 11	T2D case	baseline	36918466	35040582	94.91	91.87	94.3	44.82	44.51	8.43	17520291	5745115	32.79	ISR
SRR15881882	GSM5576727	case subject 12	T2D case	baseline	29866606	29142724	97.58	94.69	95.77	44.13	44.02	5.78	14571362	5780678	39.67	ISR
SRR15881883	GSM5576728	case subject 13	T2D case	baseline	74536446	71781384	96.3	93.32	95.18	56.43	56.17	70.53	35890692	433138	1.21	ISR
SRR15881884	GSM5576729	case subject 14	T2D case	baseline	36941534	35137324	95.12	92.34	94.65	44.74	44.46	8.4	17568662	5879856	33.47	ISR
SRR15881885	GSM5576730	case subject 15	T2D case	baseline	28286246	27428342	96.97	95.86	97.25	44.14	44.05	7.41	13714171	5884472	42.91	ISR
SRR15881886	GSM5576731	case subject 16	T2D case	baseline	69076416	65146306	94.31	91.04	93.81	45.24	44.9	10.19	32573153	13325136	40.91	ISR
SRR15881887	GSM5576732	case subject 17	T2D case	baseline	47955300	46262558	96.47	94.12	95.84	55.93	55.71	62.23	23131279	978175	4.23	ISR
SRR15881888	GSM5576733	case subject 18	T2D case	baseline	44060966	42720660	96.96	93.07	94.37	41.71	41.63	4.8	21360330	2783064	13.03	ISR
SRR15881889	GSM5576734	case subject 19	T2D case	baseline	55224580	51501932	93.26	89.81	93.08	46.42	45.86	14.06	25750966	6896136	26.78	ISR
SRR15881890	GSM5576735	case subject 20	T2D case	baseline	34540264	33360548	96.58	94.91	96.52	45.82	45.68	14.45	16680274	6819940	40.89	ISR
SRR15881891	GSM5576736	case subject 21	T2D case	baseline	36864228	35988528	97.62	95.72	96.75	43.02	42.97	5.64	17994264	6218014	34.56	ISR
SRR15881892	GSM5576737	case subject 22	T2D case	baseline	49609958	47302578	95.35	92.49	94.71	45.01	44.77	10.78	23651289	9885877	41.8	ISR
SRR15881893	GSM5576738	case subject 23	T2D case	baseline	47186464	43195596	91.54	88.74	93.18	47.2	46.64	12.42	21597798	6028222	27.91	ISR
SRR15881894	GSM5576739	case subject 24	T2D case	baseline	41324938	39142632	94.72	91.52	94.06	45.16	44.81	10.15	19571316	6637969	33.92	ISR
SRR15881895	GSM5576740	case subject 25	T2D case	baseline	69391006	64611876	93.11	88.74	92.13	51.85	51.47	42.37	32305938	3832166	11.86	ISR
SRR15881896	GSM5576741	case subject 1	T2D case	follow-up	57993846	54822932	94.53	91.55	94.18	44.77	44.49	8.81	27411466	8493904	30.99	ISR
SRR15881897	GSM5576742	case subject 2	T2D case	follow-up	18515400	17946750	96.93	94.99	96.43	47.66	47.47	19.68	8973375	2649927	29.53	ISR
SRR15881898	GSM5576743	case subject 3	T2D case	follow-up	58390632	55654846	95.31	92.08	94.21	44.89	44.71	7.01	27827423	10569982	37.98	ISR
SRR15881899	GSM5576744	case subject 4	T2D case	follow-up	23766694	23008644	96.81	95.12	96.6	45.04	44.87	9.97	11504322	4154241	36.11	ISR
SRR15881900	GSM5576745	case subject 5	T2D case	follow-up	46136218	43366980	94	90.93	93.85	45.62	45.28	11.4	21683490	6938324	32	ISR
SRR15881901	GSM5576746	case subject 6	T2D case	follow-up	41025356	38805184	94.59	91.23	93.87	46.82	46.46	15.68	19402592	7673315	39.55	ISR
SRR15881902	GSM5576747	case subject 7	T2D case	follow-up	67405110	63443280	94.12	91.6	94.32	42.23	41.97	4.15	31721640	5532385	17.44	ISR
SRR15881903	GSM5576748	case subject 8	T2D case	follow-up	98826034	95118846	96.25	93.14	95.03	56.07	55.84	70.24	47559423	614940	1.29	ISR
SRR15881904	GSM5576749	case subject 9	T2D case	follow-up	19548402	18586384	95.08	92.01	94.23	43.16	43.05	5.24	9293192	2712479	29.19	ISR
SRR15881905	GSM5576750	case subject 10	T2D case	follow-up	39292290	36075576	91.81	87.27	91.35	45.24	44.64	9.46	18037788	7655440	42.44	ISR
SRR15881906	GSM5576751	case subject 11	T2D case	follow-up	54821332	51093894	93.2	88.35	91.65	43.53	43.03	8.17	25546947	7754840	30.36	ISR
SRR15881907	GSM5576752	case subject 12	T2D case	follow-up	52276734	50416048	96.44	92.81	94.58	47.41	47.24	21.94	25208024	7835873	31.08	ISR
SRR15881908	GSM5576753	case subject 13	T2D case	follow-up	13746820	13289178	96.67	95.65	97.25	49.38	49.31	21.59	6644589	2499677	37.62	ISR
SRR15881909	GSM5576754	case subject 14	T2D case	follow-up	47217720	44478086	94.2	90.33	93.15	48.25	47.94	26.16	22239043	3071075	13.81	ISR
SRR15881910	GSM5576755	case subject 15	T2D case	follow-up	22061448	21313696	96.61	94.78	96.39	46.42	46.26	12.46	10656848	4362769	40.94	ISR
SRR15881911	GSM5576756	case subject 16	T2D case	follow-up	36615930	34399744	93.95	90.21	92.95	44.69	44.36	2.72	17199872	5552645	32.28	ISR
SRR15881912	GSM5576757	case subject 17	T2D case	follow-up	27731584	26623398	96	93.79	95.73	50.47	50.29	32.93	13311699	1626123	12.22	ISR
SRR15881913	GSM5576758	case subject 18	T2D case	follow-up	61311752	59438290	96.94	93.68	95.12	46.83	46.69	18.71	29719145	11488546	38.66	ISR
SRR15881914	GSM5576759	case subject 19	T2D case	follow-up	51183016	47144112	92.11	89.17	92.77	50.41	49.49	18.52	23572056	7047576	29.9	ISR
SRR15881915	GSM5576760	case subject 20	T2D case	follow-up	50626706	49021322	96.83	95.45	96.96	52.11	51.93	38.9	24510661	4823224	19.68	ISR
SRR15881916	GSM5576761	case subject 21	T2D case	follow-up	40081566	39087908	97.52	95.14	96.25	43.03	42.96	4.5	19543954	8866231	45.37	ISR
SRR15881917	GSM5576762	case subject 22	T2D case	follow-up	58519404	54917584	93.85	89.23	92.3	52.1	51.77	42.23	27458792	4902748	17.85	ISR
SRR15881918	GSM5576763	case subject 23	T2D case	follow-up	93682090	82989732	88.59	82.84	88.38	52.78	52	41.93	41494866	5924512	14.28	ISR
SRR15881919	GSM5576764	case subject 24	T2D case	follow-up	51537270	47734720	92.62	87.92	91.51	44.27	43.76	6.91	23867360	8731288	36.58	ISR
SRR15881920	GSM5576765	case subject 25	T2D case	follow-up	65809412	60758972	92.33	87.77	91.47	43.64	43.15	7.99	30379486	10768440	35.45	ISR
SRR15881921	GSM5576766	control subject 2	control	baseline	49053534	46388846	94.57	91.22	93.88	43.92	43.62	8.89	23194423	10535405	45.42	ISR
SRR15881922	GSM5576767	control subject 31	control	baseline	57892384	56050264	96.82	94.38	95.93	55.48	55.28	61.52	28025132	2037956	7.27	ISR
SRR15881923	GSM5576768	control subject 1	control	baseline	42600928	41541160	97.51	94.76	95.84	44.11	44.04	5.28	20770580	7944443	38.25	ISR
SRR15881924	GSM5576769	control subject 3	control	baseline	33713388	32755764	97.16	95	96.31	44.25	44.15	10.03	16377882	5582216	34.08	ISR
SRR15881925	GSM5576770	control subject 4	control	baseline	28128452	27509618	97.8	94.98	95.94	43.81	43.73	4.97	13754809	5428081	39.46	ISR
SRR15881926	GSM5576771	control subject 5	control	baseline	31174920	30420022	97.58	94.73	95.8	43.54	43.46	4.9	15210011	6422378	42.22	ISR
SRR15881927	GSM5576772	control subject 6	control	baseline	47205364	44888920	95.09	91.87	94.12	45.13	44.98	7.28	22444460	7863001	35.03	ISR
SRR15881928	GSM5576773	control subject 7	control	baseline	33491936	32516856	97.09	95.02	96.36	43.94	43.85	9.18	16258428	4980594	30.63	ISR
SRR15881929	GSM5576774	control subject 8	control	baseline	44372152	43308966	97.6	94.82	95.87	42.99	42.91	3.74	21654483	8866962	40.95	ISR
SRR15881930	GSM5576775	control subject 9	control	baseline	40529604	39274466	96.9	94.94	96.37	41.76	41.66	3.74	19637233	3667333	18.68	ISR
SRR15881931	GSM5576776	control subject 10	control	baseline	44230080	43052376	97.34	94.56	95.73	43.46	43.39	4.92	21526188	6999199	32.51	ISR
SRR15881932	GSM5576777	control subject 11	control	baseline	42347950	39567038	93.43	90.53	93.7	44.22	43.88	6.1	19783519	4505512	22.77	ISR
SRR15881933	GSM5576778	control subject 12	control	baseline	59402784	55512316	93.45	89.62	92.7	45.46	45.2	5.91	27756158	11052597	39.82	ISR
SRR15881934	GSM5576779	control subject 13	control	baseline	35826462	33725372	94.14	90.9	93.77	45.26	44.89	7.74	16862686	6537969	38.77	ISR
SRR15881935	GSM5576780	control subject 14	control	baseline	27824302	27016948	97.1	95.05	96.4	43.72	43.64	7.5	13508474	4319288	31.97	ISR
SRR15881936	GSM5576781	control subject 15	control	baseline	37606146	35682792	94.89	91.96	94.27	47.91	47.68	8.25	17841396	5709753	32	ISR
SRR15881937	GSM5576782	control subject 16	control	baseline	47141480	45744180	97.04	92.64	93.92	45.73	45.65	10.79	22872090	8654750	37.84	ISR
SRR15881938	GSM5576783	control subject 17	control	baseline	39954132	38840230	97.21	93.2	94.43	42.32	42.24	7.89	19420115	4511968	23.23	ISR
SRR15881939	GSM5576784	control subject 18	control	baseline	30721344	29960892	97.52	93.4	94.48	43.57	43.5	8.4	14980446	6370341	42.52	ISR
SRR15881940	GSM5576785	control subject 19	control	baseline	40584408	39459192	97.23	92.95	94.17	45.03	44.94	13.1	19729596	7090880	35.94	ISR
SRR15881941	GSM5576786	control subject 20	control	baseline	43926772	42818948	97.48	93.27	94.39	43.53	43.44	11.89	21409474	9997298	46.7	ISR
SRR15881942	GSM5576787	control subject 21	control	baseline	40955614	39855876	97.31	95.13	96.37	44.39	44.29	10.49	19927938	10434740	52.36	ISR
SRR15881943	GSM5576788	control subject 22	control	baseline	31440958	30293826	96.35	93.14	94.82	40.92	40.74	6.49	15146913	5960749	39.35	ISR
SRR15881944	GSM5576789	control subject 23	control	baseline	61825554	60211802	97.39	95.35	96.53	43.29	43.2	8.07	30105901	10977513	36.46	ISR
SRR15881945	GSM5576790	control subject 24	control	baseline	25865336	25256960	97.65	95.65	96.67	43.33	43.28	4.57	12628480	5110336	40.47	ISR
SRR15881946	GSM5576791	control subject 25	control	baseline	33528600	32720750	97.59	95.39	96.47	44.95	44.88	11.02	16360375	6823608	41.71	ISR
SRR15881947	GSM5576792	control subject 26	control	baseline	31425364	30639742	97.5	95.38	96.5	44.27	44.21	7.76	15319871	6294080	41.08	ISR
SRR15881948	GSM5576793	control subject 27	control	baseline	28841884	27152848	94.14	91.77	94.6	43.66	43.35	6.84	13576424	3541425	26.09	ISR
SRR15881949	GSM5576794	control subject 28	control	baseline	34136680	33329036	97.63	95.7	96.72	42.5	42.44	3.97	16664518	5751954	34.52	ISR
SRR15881950	GSM5576795	control subject 29	control	baseline	48323366	47204944	97.69	95.66	96.67	43.88	43.83	7.93	23602472	8132010	34.45	ISR
SRR15881951	GSM5576796	control subject 30	control	baseline	25949424	24080026	92.8	89.55	93.13	47.93	47.39	13.86	12040013	4608832	38.28	ISR
SRR15881952	GSM5576797	control subject 32	control	baseline	70153896	64238296	91.57	86.98	91.13	45.63	44.94	9.45	32119148	12727040	39.62	ISR
SRR15881953	GSM5576798	control subject 33	control	baseline	76580062	72977306	95.3	92.41	94.73	56.3	55.98	60.4	36488653	1999400	5.48	ISR
SRR15881954	GSM5576799	control subject 2	control	follow-up	42215098	39907782	94.53	91.59	94.22	43.87	43.56	8.17	19953891	6527249	32.71	ISR
SRR15881955	GSM5576800	control subject 31	control	follow-up	90729004	87495110	96.44	93.28	95.07	55.71	55.48	67.33	43747555	914269	2.09	ISR
SRR15881956	GSM5576801	control subject 1	control	follow-up	38755434	37452510	96.64	93.16	94.82	48.39	48.24	25.1	18726255	11907454	63.59	ISR
SRR15881957	GSM5576802	control subject 3	control	follow-up	35923346	34889038	97.12	94.08	95.42	44.43	44.32	13.69	17444519	7336336	42.06	ISR
SRR15881958	GSM5576803	control subject 4	control	follow-up	72704426	70429684	96.87	94.04	95.51	43.36	43.24	7.49	35214842	13160077	37.37	ISR
SRR15881959	GSM5576804	control subject 5	control	follow-up	60283050	58287674	96.69	93.79	95.35	44	43.86	9.13	29143837	12174198	41.77	ISR
SRR15881960	GSM5576805	control subject 6	control	follow-up	39209164	37307876	95.15	93.02	95.11	41.72	41.64	2.72	18653938	3454581	18.52	ISR
SRR15881961	GSM5576806	control subject 7	control	follow-up	75481172	73449374	97.31	94.34	95.58	44.54	44.43	12.76	36724687	14224704	38.73	ISR
SRR15881962	GSM5576807	control subject 8	control	follow-up	25204100	24218314	96.09	92.53	94.47	50.03	49.84	25.43	12109157	7610733	62.85	ISR
SRR15881963	GSM5576808	control subject 9	control	follow-up	37175734	36146028	97.23	94.42	95.68	42.55	42.47	5.72	18073014	7207305	39.88	ISR
SRR15881964	GSM5576809	control subject 10	control	follow-up	43956848	42421426	96.51	93.48	95.16	44.98	44.84	11.25	21210713	9390655	44.27	ISR
SRR15881965	GSM5576810	control subject 11	control	follow-up	42264926	38594820	91.32	86.04	90.29	54.24	53.17	16.16	19297410	5093024	26.39	ISR
SRR15881966	GSM5576811	control subject 12	control	follow-up	35590616	33808796	94.99	90.71	92.81	44.04	43.91	7.11	16904398	5061197	29.94	ISR
SRR15881967	GSM5576812	control subject 13	control	follow-up	62068520	55995798	90.22	86.35	90.79	57.47	56.5	37.65	27997899	9361246	33.44	ISR
SRR15881968	GSM5576813	control subject 14	control	follow-up	43934428	42718198	97.23	94.31	95.57	44.22	44.12	9.98	21359099	9820050	45.98	ISR
SRR15881969	GSM5576814	control subject 15	control	follow-up	51859968	48889216	94.27	90.64	93.37	47.6	47.25	12.74	24444608	10101954	41.33	ISR
SRR15881970	GSM5576815	control subject 16	control	follow-up	38302864	37064164	96.77	93.23	94.8	48.22	48.08	21	18532082	12263918	66.18	ISR
SRR15881971	GSM5576816	control subject 17	control	follow-up	49395896	47963928	97.1	93.93	95.33	45.93	45.8	14.72	23981964	9906985	41.31	ISR
SRR15881972	GSM5576817	control subject 18	control	follow-up	44813056	43509258	97.09	93.94	95.32	44.99	44.85	11.29	21754629	9096200	41.81	ISR
SRR15881973	GSM5576818	control subject 19	control	follow-up	51737946	50187474	97	93.81	95.25	45.72	45.58	15.26	25093737	8982560	35.8	ISR
SRR15881974	GSM5576819	control subject 20	control	follow-up	43302246	42074628	97.17	94.02	95.36	44.69	44.55	11.62	21037314	8339087	39.64	ISR
SRR15881975	GSM5576820	control subject 21	control	follow-up	46971206	45671272	97.23	94.32	95.58	43.76	43.66	9.58	22835636	8945257	39.17	ISR
SRR15881976	GSM5576821	control subject 22	control	follow-up	33906352	30943142	91.26	85.59	89.69	55.97	55.3	23.62	15471571	3985003	25.76	ISR
SRR15881977	GSM5576822	control subject 23	control	follow-up	40644786	39521096	97.24	94.35	95.61	43.53	43.44	7.4	19760548	8047488	40.73	ISR
SRR15881978	GSM5576823	control subject 24	control	follow-up	52906402	51530886	97.4	94.99	96.17	43.09	43.01	4.86	25765443	11221525	43.55	ISR
SRR15881979	GSM5576824	control subject 25	control	follow-up	28580320	27776032	97.19	94.74	96	44.56	44.49	6.58	13888016	5368285	38.65	ISR
SRR15881980	GSM5576825	control subject 26	control	follow-up	31568542	30665754	97.14	94.56	95.86	45.11	45.02	8.38	15332877	6412163	41.82	ISR
SRR15881981	GSM5576826	control subject 27	control	follow-up	31386022	29680882	94.57	91.41	94.1	45.78	45.37	9.64	14840441	6482781	43.68	ISR
SRR15881982	GSM5576827	control subject 28	control	follow-up	46376538	45106234	97.26	94.78	96	43.99	43.91	9.28	22553117	8327775	36.93	ISR
SRR15881983	GSM5576828	control subject 29	control	follow-up	38477634	37453130	97.34	94.8	96	45.49	45.41	10.42	18726565	7332086	39.15	ISR
SRR15881984	GSM5576829	control subject 30	control	follow-up	33817816	30247786	89.44	83.62	88.56	57.8	57.07	27.12	15123893	3885872	25.69	ISR
SRR15881985	GSM5576830	control subject 32	control	follow-up	90887588	84386966	92.85	88.36	91.9	53.07	52.61	47.29	42193483	4831400	11.45	ISR
SRR15881986	GSM5576831	control subject 33	control	follow-up	69869934	67373732	96.43	94.03	95.79	55.62	55.38	58.96	33686866	2476506	7.35	ISR
