run	sample	individual	disease_state	timepoint	raw_reads_total	trimmed_reads_total	retained_pct	q30_before	q30_after	gc_before	gc_after	duplication_pct	salmon_processed_fragments	salmon_mapped_fragments	mapping_rate	library_type	rrna_r1_primary_reads	rrna_r2_primary_reads	rrna_r1_primary_mapped	rrna_r2_primary_mapped	rrna_r1_pct	rrna_r2_pct	hbrna_r1_primary_reads	hbrna_r2_primary_reads	hbrna_r1_primary_mapped	hbrna_r2_primary_mapped	hbrna_r1_pct	hbrna_r2_pct
SRR15881871	GSM5576716	case subject 1	T2D case	baseline	53040700	46205224	87.11	91.98	96.79	45.38	44.64	8.66	23102612	7277850	31.5	ISR	1000000	1000000	71906	84572	7.19	8.46	1000000	1000000	2773	2780	0.28	0.28
SRR15881872	GSM5576717	case subject 2	T2D case	baseline	27367968	25964766	94.87	96.81	98.66	45.48	45.27	12.69	12982383	4926836	37.95	ISR	1000000	1000000	43232	60290	4.32	6.03	1000000	1000000	382	386	0.04	0.04
SRR15881873	GSM5576718	case subject 3	T2D case	baseline	56568480	50116864	88.6	92.74	96.85	43.54	43.23	3.45	25058432	6016168	24.01	ISR	1000000	1000000	41182	47121	4.12	4.71	1000000	1000000	747	735	0.07	0.07
SRR15881874	GSM5576719	case subject 4	T2D case	baseline	23230176	21745630	93.61	95.99	98.35	45.31	45.04	10.95	10872815	4942547	45.46	ISR	1000000	1000000	34233	45654	3.42	4.57	1000000	1000000	392	383	0.04	0.04
SRR15881875	GSM5576720	case subject 5	T2D case	baseline	41121710	34349198	83.53	89.94	96.4	43.83	43.1	7.5	17174599	4469933	26.03	ISR	1000000	1000000	43116	56091	4.31	5.61	1000000	1000000	1418	1405	0.14	0.14
SRR15881876	GSM5576721	case subject 6	T2D case	baseline	51021164	42711594	83.71	90.08	96.3	45.28	44.36	9.92	21355797	6443195	30.17	ISR	1000000	1000000	57041	76749	5.7	7.67	1000000	1000000	1934	1920	0.19	0.19
SRR15881877	GSM5576722	case subject 7	T2D case	baseline	44425128	37969698	85.47	90.97	96.55	44.06	43.28	6.26	18984849	6734433	35.47	ISR	1000000	1000000	44187	50109	4.42	5.01	1000000	1000000	1117	1110	0.11	0.11
SRR15881878	GSM5576723	case subject 8	T2D case	baseline	62372480	57096992	91.54	94.27	97.55	55.99	55.52	68.26	28548496	474871	1.66	ISR	1000000	1000000	850908	842857	85.09	84.29	1000000	1000000	106126	105726	10.61	10.57
SRR15881879	GSM5576724	case subject 9	T2D case	baseline	45932176	40463826	88.09	92.02	96.67	43.42	42.84	12.68	20231913	9942568	49.14	ISR	1000000	1000000	41329	43876	4.13	4.39	1000000	1000000	456	453	0.05	0.05
SRR15881880	GSM5576725	case subject 10	T2D case	baseline	30904966	26145198	84.6	90.36	96.32	48.13	46.95	14.45	13072599	4392001	33.6	ISR	1000000	1000000	108544	137315	10.85	13.73	1000000	1000000	1793	1778	0.18	0.18
SRR15881881	GSM5576726	case subject 11	T2D case	baseline	36918466	32195884	87.21	91.87	96.71	44.82	44.02	8.43	16097942	5311298	32.99	ISR	1000000	1000000	59531	74217	5.95	7.42	1000000	1000000	1772	1783	0.18	0.18
SRR15881882	GSM5576727	case subject 12	T2D case	baseline	29866606	27746652	92.9	94.69	97.07	44.13	43.83	5.78	13873326	5531680	39.87	ISR	1000000	1000000	25632	29879	2.56	2.99	1000000	1000000	160	160	0.02	0.02
SRR15881883	GSM5576728	case subject 13	T2D case	baseline	74536446	67171764	90.12	93.32	97.21	56.43	55.8	70.53	33585882	414993	1.24	ISR	1000000	1000000	879982	872268	88	87.23	1000000	1000000	92824	92639	9.28	9.26
SRR15881884	GSM5576729	case subject 14	T2D case	baseline	36941534	32457954	87.86	92.34	96.85	44.74	44.01	8.4	16228977	5463797	33.67	ISR	1000000	1000000	61071	75276	6.11	7.53	1000000	1000000	2100	2077	0.21	0.21
SRR15881885	GSM5576730	case subject 15	T2D case	baseline	28286246	26390154	93.3	95.86	98.38	44.14	43.89	7.41	13195077	5679795	43.04	ISR	1000000	1000000	29676	36521	2.97	3.65	1000000	1000000	190	178	0.02	0.02
SRR15881886	GSM5576731	case subject 16	T2D case	baseline	69076416	59279322	85.82	91.04	96.46	45.24	44.4	10.19	29639661	12209467	41.19	ISR	1000000	1000000	42128	57880	4.21	5.79	1000000	1000000	1188	1184	0.12	0.12
SRR15881887	GSM5576732	case subject 17	T2D case	baseline	47955300	43762838	91.26	94.12	97.5	55.93	55.42	62.23	21881419	944210	4.32	ISR	1000000	1000000	815894	808508	81.59	80.85	1000000	1000000	87301	87001	8.73	8.7
SRR15881888	GSM5576733	case subject 18	T2D case	baseline	44060966	40300502	91.47	93.07	95.95	41.71	41.5	4.8	20150251	2653397	13.17	ISR	1000000	1000000	27120	35835	2.71	3.58	1000000	1000000	86	84	0.01	0.01
SRR15881889	GSM5576734	case subject 19	T2D case	baseline	55224580	46130900	83.53	89.81	96.12	46.42	45.07	14.06	23065450	6304841	27.33	ISR	1000000	1000000	203725	208995	20.37	20.9	1000000	1000000	845	842	0.08	0.08
SRR15881890	GSM5576735	case subject 20	T2D case	baseline	34540264	31761684	91.96	94.91	98	45.82	45.45	14.45	15880842	6543382	41.2	ISR	1000000	1000000	155453	158594	15.55	15.86	1000000	1000000	5757	5715	0.58	0.57
SRR15881891	GSM5576736	case subject 21	T2D case	baseline	36864228	34706170	94.15	95.72	97.81	43.02	42.85	5.64	17353085	6009880	34.63	ISR	1000000	1000000	20708	30179	2.07	3.02	1000000	1000000	92	97	0.01	0.01
SRR15881892	GSM5576737	case subject 22	T2D case	baseline	49609958	43805754	88.3	92.49	96.86	45.01	44.35	10.78	21902877	9216688	42.08	ISR	1000000	1000000	53307	68167	5.33	6.82	1000000	1000000	1845	1828	0.18	0.18
SRR15881893	GSM5576738	case subject 23	T2D case	baseline	47186464	38764106	82.15	88.74	96.31	47.2	45.88	12.42	19382053	5559570	28.68	ISR	1000000	1000000	114462	130809	11.45	13.08	1000000	1000000	3164	3156	0.32	0.32
SRR15881894	GSM5576739	case subject 24	T2D case	baseline	41324938	35790944	86.61	91.52	96.61	45.16	44.29	10.15	17895472	6107073	34.13	ISR	1000000	1000000	59430	79112	5.94	7.91	1000000	1000000	2625	2635	0.26	0.26
SRR15881895	GSM5576740	case subject 25	T2D case	baseline	69391006	57071732	82.25	88.74	95.51	51.85	50.79	42.37	28535866	3524062	12.35	ISR	1000000	1000000	612759	616764	61.28	61.68	1000000	1000000	2423	2435	0.24	0.24
SRR15881896	GSM5576741	case subject 1	T2D case	follow-up	57993846	50193678	86.55	91.55	96.66	44.77	44.05	8.81	25096839	7831632	31.21	ISR	1000000	1000000	58763	72015	5.88	7.2	1000000	1000000	1874	1876	0.19	0.19
SRR15881897	GSM5576742	case subject 2	T2D case	follow-up	18515400	17088710	92.29	94.99	97.93	47.66	47.16	19.68	8544355	2548113	29.82	ISR	1000000	1000000	234402	245530	23.44	24.55	1000000	1000000	7936	7897	0.79	0.79
SRR15881898	GSM5576743	case subject 3	T2D case	follow-up	58390632	51687352	88.52	92.08	96.37	44.89	44.33	7.01	25843676	9851042	38.12	ISR	1000000	1000000	67346	82190	6.73	8.22	1000000	1000000	2052	2065	0.21	0.21
SRR15881899	GSM5576744	case subject 4	T2D case	follow-up	23766694	21939386	92.31	95.12	98.05	45.04	44.59	9.97	10969693	3982992	36.31	ISR	1000000	1000000	43521	55384	4.35	5.54	1000000	1000000	277	280	0.03	0.03
SRR15881900	GSM5576745	case subject 5	T2D case	follow-up	46136218	39432122	85.47	90.93	96.49	45.62	44.76	11.4	19716061	6378143	32.35	ISR	1000000	1000000	57348	78052	5.73	7.81	1000000	1000000	1955	1961	0.2	0.2
SRR15881901	GSM5576746	case subject 6	T2D case	follow-up	41025356	35351886	86.17	91.23	96.47	46.82	45.88	15.68	17675943	7066037	39.98	ISR	1000000	1000000	53169	85727	5.32	8.57	1000000	1000000	1349	1349	0.13	0.13
SRR15881902	GSM5576747	case subject 7	T2D case	follow-up	67405110	57916208	85.92	91.6	96.77	42.23	41.66	4.15	28958104	5079588	17.54	ISR	1000000	1000000	48954	55981	4.9	5.6	1000000	1000000	548	556	0.05	0.06
SRR15881903	GSM5576748	case subject 8	T2D case	follow-up	98826034	88855662	89.91	93.14	97.11	56.07	55.51	70.24	44427831	587583	1.32	ISR	1000000	1000000	857815	850534	85.78	85.05	1000000	1000000	104625	104241	10.46	10.42
SRR15881904	GSM5576749	case subject 9	T2D case	follow-up	19548402	16750610	85.69	92.01	96.3	43.16	42.8	5.24	8375305	2472789	29.52	ISR	1000000	1000000	38111	40834	3.81	4.08	1000000	1000000	579	564	0.06	0.06
SRR15881905	GSM5576750	case subject 10	T2D case	follow-up	39292290	31268720	79.58	87.27	95.32	45.24	43.85	9.46	15634360	6702053	42.87	ISR	1000000	1000000	65562	81544	6.56	8.15	1000000	1000000	1347	1328	0.13	0.13
SRR15881906	GSM5576751	case subject 11	T2D case	follow-up	54821332	44725914	81.58	88.35	95.43	43.53	42.36	8.17	22362957	6832270	30.55	ISR	1000000	1000000	49744	64799	4.97	6.48	1000000	1000000	1650	1667	0.16	0.17
SRR15881907	GSM5576752	case subject 12	T2D case	follow-up	52276734	46935824	89.78	92.81	96.72	47.41	46.86	21.94	23467912	7404675	31.55	ISR	1000000	1000000	292911	301122	29.29	30.11	1000000	1000000	578	570	0.06	0.06
SRR15881908	GSM5576753	case subject 13	T2D case	follow-up	13746820	12758318	92.81	95.65	98.44	49.38	49.16	21.59	6379159	2433559	38.15	ISR	1000000	1000000	95309	131252	9.53	13.13	1000000	1000000	4641	4606	0.46	0.46
SRR15881909	GSM5576754	case subject 14	T2D case	follow-up	47217720	40076722	84.88	90.33	96.02	48.25	47.36	26.16	20038361	2842007	14.18	ISR	1000000	1000000	396728	401739	39.67	40.17	1000000	1000000	2108	2110	0.21	0.21
SRR15881910	GSM5576755	case subject 15	T2D case	follow-up	22061448	20261780	91.84	94.78	97.93	46.42	45.99	12.46	10130890	4173493	41.2	ISR	1000000	1000000	67755	84830	6.78	8.48	1000000	1000000	2844	2816	0.28	0.28
SRR15881911	GSM5576756	case subject 16	T2D case	follow-up	36615930	30810796	84.15	90.21	95.75	44.69	43.73	2.72	15405398	5033861	32.68	ISR	1000000	1000000	83383	84166	8.34	8.42	1000000	1000000	520	524	0.05	0.05
SRR15881912	GSM5576757	case subject 17	T2D case	follow-up	27731584	25061912	90.37	93.79	97.53	50.47	49.99	32.93	12530956	1555322	12.41	ISR	1000000	1000000	474850	473326	47.48	47.33	1000000	1000000	43963	43706	4.4	4.37
SRR15881913	GSM5576758	case subject 18	T2D case	follow-up	61311752	56142704	91.57	93.68	96.85	46.83	46.41	18.71	28071352	10942550	38.98	ISR	1000000	1000000	26738	63969	2.67	6.4	1000000	1000000	188	191	0.02	0.02
SRR15881914	GSM5576759	case subject 19	T2D case	follow-up	51183016	41986374	82.03	89.17	95.92	50.41	47.99	18.52	20993187	6587155	31.38	ISR	1000000	1000000	248989	262418	24.9	26.24	1000000	1000000	4375	4364	0.44	0.44
SRR15881915	GSM5576760	case subject 20	T2D case	follow-up	50626706	46999914	92.84	95.45	98.19	52.11	51.64	38.9	23499957	4696262	19.98	ISR	1000000	1000000	499746	497926	49.97	49.79	1000000	1000000	29983	29755	3	2.98
SRR15881916	GSM5576761	case subject 21	T2D case	follow-up	40081566	37515146	93.6	95.14	97.5	43.03	42.82	4.5	18757573	8537894	45.52	ISR	1000000	1000000	17552	22272	1.76	2.23	1000000	1000000	76	83	0.01	0.01
SRR15881917	GSM5576762	case subject 22	T2D case	follow-up	58519404	48837172	83.45	89.23	95.51	52.1	51.12	42.23	24418586	4534433	18.57	ISR	1000000	1000000	618470	620692	61.85	62.07	1000000	1000000	3884	3867	0.39	0.39
SRR15881918	GSM5576763	case subject 23	T2D case	follow-up	93682090	67283730	71.82	82.84	93.8	52.78	50.87	41.93	33641865	5182582	15.41	ISR	1000000	1000000	652948	653296	65.29	65.33	1000000	1000000	3426	3412	0.34	0.34
SRR15881919	GSM5576764	case subject 24	T2D case	follow-up	51537270	41577964	80.68	87.92	95.39	44.27	43.11	6.91	20788982	7629634	36.7	ISR	1000000	1000000	44565	56306	4.46	5.63	1000000	1000000	997	995	0.1	0.1
SRR15881920	GSM5576765	case subject 25	T2D case	follow-up	65809412	52796908	80.23	87.77	95.37	43.64	42.53	7.99	26398454	9418055	35.68	ISR	1000000	1000000	49205	61641	4.92	6.16	1000000	1000000	1016	1019	0.1	0.1
SRR15881921	GSM5576766	control subject 2	control	baseline	49053534	42265624	86.16	91.22	96.53	43.92	43.18	8.89	21132812	9632874	45.58	ISR	1000000	1000000	39030	45761	3.9	4.58	1000000	1000000	1177	1167	0.12	0.12
SRR15881922	GSM5576767	control subject 31	control	baseline	57892384	53138738	91.79	94.38	97.54	55.48	55	61.52	26569369	1973406	7.43	ISR	1000000	1000000	771911	768138	77.19	76.81	1000000	1000000	85227	84946	8.52	8.49
SRR15881923	GSM5576768	control subject 1	control	baseline	42600928	39534174	92.8	94.76	97.09	44.11	43.91	5.28	19767087	7590462	38.4	ISR	1000000	1000000	22649	26735	2.26	2.67	1000000	1000000	112	111	0.01	0.01
SRR15881924	GSM5576769	control subject 3	control	baseline	33713388	31268480	92.75	95	97.71	44.25	43.97	10.03	15634240	5349341	34.22	ISR	1000000	1000000	29466	46604	2.95	4.66	1000000	1000000	182	179	0.02	0.02
SRR15881925	GSM5576770	control subject 4	control	baseline	28128452	26270182	93.39	94.98	97.16	43.81	43.61	4.97	13135091	5205335	39.63	ISR	1000000	1000000	18920	23043	1.89	2.3	1000000	1000000	100	94	0.01	0.01
SRR15881926	GSM5576771	control subject 5	control	baseline	31174920	28830526	92.48	94.73	97.05	43.54	43.31	4.9	14415263	6106815	42.36	ISR	1000000	1000000	22337	26452	2.23	2.65	1000000	1000000	152	150	0.02	0.01
SRR15881927	GSM5576772	control subject 6	control	baseline	47205364	41599742	88.13	91.87	96.31	45.13	44.64	7.28	20799871	7310583	35.15	ISR	1000000	1000000	38737	63512	3.87	6.35	1000000	1000000	1671	1685	0.17	0.17
SRR15881928	GSM5576773	control subject 7	control	baseline	33491936	31000320	92.56	95.02	97.74	43.94	43.68	9.18	15500160	4783130	30.86	ISR	1000000	1000000	24103	42757	2.41	4.28	1000000	1000000	120	116	0.01	0.01
SRR15881929	GSM5576774	control subject 8	control	baseline	44372152	41208608	92.87	94.82	97.12	42.99	42.78	3.74	20604304	8480773	41.16	ISR	1000000	1000000	20595	21059	2.06	2.11	1000000	1000000	131	126	0.01	0.01
SRR15881930	GSM5576775	control subject 9	control	baseline	40529604	37381398	92.23	94.94	97.78	41.76	41.54	3.74	18690699	3517783	18.82	ISR	1000000	1000000	25191	28631	2.52	2.86	1000000	1000000	59	53	0.01	0.01
SRR15881931	GSM5576776	control subject 10	control	baseline	44230080	40864226	92.39	94.56	97.03	43.46	43.28	4.92	20432113	6672922	32.66	ISR	1000000	1000000	24789	28175	2.48	2.82	1000000	1000000	157	152	0.02	0.02
SRR15881932	GSM5576777	control subject 11	control	baseline	42347950	35838576	84.63	90.53	96.43	44.22	43.44	6.1	17919288	4114316	22.96	ISR	1000000	1000000	54237	68571	5.42	6.86	1000000	1000000	2232	2227	0.22	0.22
SRR15881933	GSM5576778	control subject 12	control	baseline	59402784	48428612	81.53	89.62	95.6	45.46	44.79	5.91	24214306	9698011	40.05	ISR	1000000	1000000	70041	78045	7	7.8	1000000	1000000	3818	3792	0.38	0.38
SRR15881934	GSM5576779	control subject 13	control	baseline	35826462	30658526	85.58	90.9	96.46	45.26	44.37	7.74	15329263	5976168	38.99	ISR	1000000	1000000	55150	64203	5.52	6.42	1000000	1000000	1061	1046	0.11	0.1
SRR15881935	GSM5576780	control subject 14	control	baseline	27824302	25788440	92.68	95.05	97.76	43.72	43.48	7.5	12894220	4144197	32.14	ISR	1000000	1000000	26215	39267	2.62	3.93	1000000	1000000	300	297	0.03	0.03
SRR15881936	GSM5576781	control subject 15	control	baseline	37606146	32965722	87.66	91.96	96.47	47.91	47.11	8.25	16482861	5344201	32.42	ISR	1000000	1000000	95193	113450	9.52	11.34	1000000	1000000	2432	2424	0.24	0.24
SRR15881937	GSM5576782	control subject 16	control	baseline	47141480	43091108	91.41	92.64	95.62	45.73	45.4	10.79	21545554	8198117	38.05	ISR	1000000	1000000	38890	53847	3.89	5.38	1000000	1000000	268	262	0.03	0.03
SRR15881938	GSM5576783	control subject 17	control	baseline	39954132	36740088	91.96	93.2	95.97	42.32	42.11	7.89	18370044	4305966	23.44	ISR	1000000	1000000	22861	33322	2.29	3.33	1000000	1000000	127	130	0.01	0.01
SRR15881939	GSM5576784	control subject 18	control	baseline	30721344	28470330	92.67	93.4	95.96	43.57	43.31	8.4	14235165	6068004	42.63	ISR	1000000	1000000	22335	29338	2.23	2.93	1000000	1000000	109	108	0.01	0.01
SRR15881940	GSM5576785	control subject 19	control	baseline	40584408	37325504	91.97	92.95	95.76	45.03	44.72	13.1	18662752	6735284	36.09	ISR	1000000	1000000	24822	42625	2.48	4.26	1000000	1000000	120	118	0.01	0.01
SRR15881941	GSM5576786	control subject 20	control	baseline	43926772	40611204	92.45	93.27	95.92	43.53	43.22	11.89	20305602	9532439	46.94	ISR	1000000	1000000	21815	30780	2.18	3.08	1000000	1000000	91	94	0.01	0.01
SRR15881942	GSM5576787	control subject 21	control	baseline	40955614	38080778	92.98	95.13	97.74	44.39	44.1	10.49	19040389	10024738	52.65	ISR	1000000	1000000	21652	31541	2.17	3.15	1000000	1000000	132	127	0.01	0.01
SRR15881943	GSM5576788	control subject 22	control	baseline	31440958	28226004	89.77	93.14	96.92	40.92	40.45	6.49	14113002	5569843	39.47	ISR	1000000	1000000	33490	36407	3.35	3.64	1000000	1000000	350	354	0.03	0.04
SRR15881944	GSM5576789	control subject 23	control	baseline	61825554	57662916	93.27	95.35	97.83	43.29	43.06	8.07	28831458	10530440	36.52	ISR	1000000	1000000	21731	32255	2.17	3.23	1000000	1000000	174	167	0.02	0.02
SRR15881945	GSM5576790	control subject 24	control	baseline	25865336	24331978	94.07	95.65	97.77	43.33	43.18	4.57	12165989	4935800	40.57	ISR	1000000	1000000	19433	27490	1.94	2.75	1000000	1000000	89	79	0.01	0.01
SRR15881946	GSM5576791	control subject 25	control	baseline	33528600	31445936	93.79	95.39	97.65	44.95	44.73	11.02	15722968	6587749	41.9	ISR	1000000	1000000	24458	46716	2.45	4.67	1000000	1000000	197	183	0.02	0.02
SRR15881947	GSM5576792	control subject 26	control	baseline	31425364	29447490	93.71	95.38	97.67	44.27	44.07	7.76	14723745	6072150	41.24	ISR	1000000	1000000	23479	37825	2.35	3.78	1000000	1000000	140	148	0.01	0.01
SRR15881948	GSM5576793	control subject 27	control	baseline	28841884	24942104	86.48	91.77	96.9	43.66	42.93	6.84	12471052	3285354	26.34	ISR	1000000	1000000	47314	53940	4.73	5.39	1000000	1000000	1347	1348	0.13	0.13
SRR15881949	GSM5576794	control subject 28	control	baseline	34136680	32124496	94.11	95.7	97.81	42.5	42.34	3.97	16062248	5559862	34.61	ISR	1000000	1000000	21321	26260	2.13	2.63	1000000	1000000	146	137	0.01	0.01
SRR15881950	GSM5576795	control subject 29	control	baseline	48323366	45467602	94.09	95.66	97.77	43.88	43.72	7.93	22733801	7865730	34.6	ISR	1000000	1000000	19678	33366	1.97	3.34	1000000	1000000	99	93	0.01	0.01
SRR15881951	GSM5576796	control subject 30	control	baseline	25949424	21568158	83.12	89.55	96.17	47.93	46.64	13.86	10784079	4207998	39.02	ISR	1000000	1000000	91156	122168	9.12	12.22	1000000	1000000	3789	3746	0.38	0.37
SRR15881952	GSM5576797	control subject 32	control	baseline	70153896	55352634	78.9	86.98	95.26	45.63	44.07	9.45	27676317	11060623	39.96	ISR	1000000	1000000	81082	90907	8.11	9.09	1000000	1000000	2468	2448	0.25	0.24
SRR15881953	GSM5576798	control subject 33	control	baseline	76580062	67740426	88.46	92.41	96.98	56.3	55.56	60.4	33870213	1909540	5.64	ISR	1000000	1000000	805198	794388	80.52	79.44	1000000	1000000	83495	83038	8.35	8.3
SRR15881954	GSM5576799	control subject 2	control	follow-up	42215098	36502094	86.47	91.59	96.68	43.87	43.11	8.17	18251047	6035837	33.07	ISR	1000000	1000000	54147	64544	5.41	6.45	1000000	1000000	1559	1577	0.16	0.16
SRR15881955	GSM5576800	control subject 31	control	follow-up	90729004	81796756	90.16	93.28	97.13	55.71	55.13	67.33	40898378	874608	2.14	ISR	1000000	1000000	832132	826475	83.21	82.65	1000000	1000000	97077	96870	9.71	9.69
SRR15881956	GSM5576801	control subject 1	control	follow-up	38755434	34957750	90.2	93.16	96.87	48.39	47.92	25.1	17478875	11290701	64.6	ISR	1000000	1000000	13942	52696	1.39	5.27	1000000	1000000	38	36	0	0
SRR15881957	GSM5576802	control subject 3	control	follow-up	35923346	33084796	92.1	94.08	97.03	44.43	44.08	13.69	16542398	6992841	42.27	ISR	1000000	1000000	25994	46124	2.6	4.61	1000000	1000000	223	225	0.02	0.02
SRR15881958	GSM5576803	control subject 4	control	follow-up	72704426	66452114	91.4	94.04	97.27	43.36	43.04	7.49	33226057	12453383	37.48	ISR	1000000	1000000	18104	28859	1.81	2.89	1000000	1000000	79	79	0.01	0.01
SRR15881959	GSM5576804	control subject 5	control	follow-up	60283050	54852118	90.99	93.79	97.17	44	43.61	9.13	27426059	11502776	41.94	ISR	1000000	1000000	18744	30835	1.87	3.08	1000000	1000000	82	82	0.01	0.01
SRR15881960	GSM5576805	control subject 6	control	follow-up	39209164	34821288	88.81	93.02	96.92	41.72	41.46	2.72	17410644	3255479	18.7	ISR	1000000	1000000	37191	45434	3.72	4.54	1000000	1000000	642	648	0.06	0.06
SRR15881961	GSM5576806	control subject 7	control	follow-up	75481172	69807492	92.48	94.34	97.12	44.54	44.21	12.76	34903746	13587193	38.93	ISR	1000000	1000000	22081	44528	2.21	4.45	1000000	1000000	174	170	0.02	0.02
SRR15881962	GSM5576807	control subject 8	control	follow-up	25204100	22460914	89.12	92.53	96.69	50.03	49.48	25.43	11230457	7185997	63.99	ISR	1000000	1000000	15505	56253	1.55	5.63	1000000	1000000	82	79	0.01	0.01
SRR15881963	GSM5576808	control subject 9	control	follow-up	37175734	34376390	92.47	94.42	97.19	42.55	42.31	5.72	17188195	6884833	40.06	ISR	1000000	1000000	18711	25702	1.87	2.57	1000000	1000000	100	105	0.01	0.01
SRR15881964	GSM5576809	control subject 10	control	follow-up	43956848	39845962	90.65	93.48	97.06	44.98	44.57	11.25	19922981	8865371	44.5	ISR	1000000	1000000	20595	39598	2.06	3.96	1000000	1000000	112	111	0.01	0.01
SRR15881965	GSM5576810	control subject 11	control	follow-up	42264926	33008854	78.1	86.04	94.55	54.24	51.21	16.16	16504427	4665542	28.27	ISR	1000000	1000000	351451	346206	35.15	34.62	1000000	1000000	8665	8591	0.87	0.86
SRR15881966	GSM5576811	control subject 12	control	follow-up	35590616	30707444	86.28	90.71	95.52	44.04	43.5	7.11	15353722	4615407	30.06	ISR	1000000	1000000	32290	64016	3.23	6.4	1000000	1000000	1888	2141	0.19	0.21
SRR15881967	GSM5576812	control subject 13	control	follow-up	62068520	47865172	77.12	86.35	94.78	57.47	54.8	37.65	23932586	8697701	36.34	ISR	1000000	1000000	472963	502722	47.3	50.27	1000000	1000000	15340	15280	1.53	1.53
SRR15881968	GSM5576813	control subject 14	control	follow-up	43934428	40559740	92.32	94.31	97.12	44.22	43.9	9.98	20279870	9383908	46.27	ISR	1000000	1000000	18653	31122	1.87	3.11	1000000	1000000	216	215	0.02	0.02
SRR15881969	GSM5576814	control subject 15	control	follow-up	51859968	44651788	86.1	90.64	96	47.6	46.56	12.74	22325894	9401594	42.11	ISR	1000000	1000000	79620	111176	7.96	11.12	1000000	1000000	1623	1613	0.16	0.16
SRR15881970	GSM5576815	control subject 16	control	follow-up	38302864	34818736	90.9	93.23	96.69	48.22	47.78	21	17409368	11662384	66.99	ISR	1000000	1000000	16721	43001	1.67	4.3	1000000	1000000	49	45	0	0
SRR15881971	GSM5576816	control subject 17	control	follow-up	49395896	45454298	92.02	93.93	96.97	45.93	45.56	14.72	22727149	9441762	41.54	ISR	1000000	1000000	19200	49419	1.92	4.94	1000000	1000000	133	129	0.01	0.01
SRR15881972	GSM5576817	control subject 18	control	follow-up	44813056	41220380	91.98	93.94	96.98	44.99	44.61	11.29	20610190	8654634	41.99	ISR	1000000	1000000	23025	40728	2.3	4.07	1000000	1000000	120	119	0.01	0.01
SRR15881973	GSM5576818	control subject 19	control	follow-up	51737946	47534788	91.88	93.81	96.92	45.72	45.32	15.26	23767394	8556032	36	ISR	1000000	1000000	30474	55960	3.05	5.6	1000000	1000000	227	222	0.02	0.02
SRR15881974	GSM5576819	control subject 20	control	follow-up	43302246	39898746	92.14	94.02	97	44.69	44.3	11.62	19949373	7945379	39.83	ISR	1000000	1000000	23902	40997	2.39	4.1	1000000	1000000	158	160	0.02	0.02
SRR15881975	GSM5576820	control subject 21	control	follow-up	46971206	43396774	92.39	94.32	97.12	43.76	43.45	9.58	21698387	8535589	39.34	ISR	1000000	1000000	18791	34296	1.88	3.43	1000000	1000000	80	80	0.01	0.01
SRR15881976	GSM5576821	control subject 22	control	follow-up	33906352	25798468	76.09	85.59	94.05	55.97	53.73	23.62	12899234	3560365	27.6	ISR	1000000	1000000	406672	429229	40.67	42.92	1000000	1000000	16465	16418	1.65	1.64
SRR15881977	GSM5576822	control subject 23	control	follow-up	40644786	37557050	92.4	94.35	97.14	43.53	43.26	7.4	18778525	7670676	40.85	ISR	1000000	1000000	18238	30608	1.82	3.06	1000000	1000000	90	88	0.01	0.01
SRR15881978	GSM5576823	control subject 24	control	follow-up	52906402	49400876	93.37	94.99	97.46	43.09	42.88	4.86	24700438	10780067	43.64	ISR	1000000	1000000	18649	25597	1.86	2.56	1000000	1000000	139	137	0.01	0.01
SRR15881979	GSM5576824	control subject 25	control	follow-up	28580320	26553932	92.91	94.74	97.36	44.56	44.34	6.58	13276966	5147563	38.77	ISR	1000000	1000000	22190	36554	2.22	3.66	1000000	1000000	127	121	0.01	0.01
SRR15881980	GSM5576825	control subject 26	control	follow-up	31568542	29261928	92.69	94.56	97.27	45.11	44.84	8.38	14630964	6141666	41.98	ISR	1000000	1000000	24062	42510	2.41	4.25	1000000	1000000	123	122	0.01	0.01
SRR15881981	GSM5576826	control subject 27	control	follow-up	31386022	27177160	86.59	91.41	96.63	45.78	44.79	9.64	13588580	5990517	44.08	ISR	1000000	1000000	61051	73577	6.11	7.36	1000000	1000000	1646	1630	0.16	0.16
SRR15881982	GSM5576827	control subject 28	control	follow-up	46376538	43115054	92.97	94.78	97.35	43.99	43.73	9.28	21557527	8004333	37.13	ISR	1000000	1000000	19345	35109	1.93	3.51	1000000	1000000	71	72	0.01	0.01
SRR15881983	GSM5576828	control subject 29	control	follow-up	38477634	35823114	93.1	94.8	97.34	45.49	45.25	10.42	17911557	7043633	39.32	ISR	1000000	1000000	23299	47115	2.33	4.71	1000000	1000000	231	222	0.02	0.02
SRR15881984	GSM5576829	control subject 30	control	follow-up	33817816	23715292	70.13	83.62	93.38	57.8	55.63	27.12	11857646	3284236	27.7	ISR	1000000	1000000	450782	493551	45.08	49.36	1000000	1000000	21625	21542	2.16	2.15
SRR15881985	GSM5576830	control subject 32	control	follow-up	90887588	74243586	81.69	88.36	95.4	53.07	51.87	47.29	37121793	4462672	12.02	ISR	1000000	1000000	671581	673676	67.16	67.37	1000000	1000000	2302	2299	0.23	0.23
SRR15881986	GSM5576831	control subject 33	control	follow-up	69869934	63653594	91.1	94.03	97.51	55.62	55.04	58.96	31826797	2390848	7.51	ISR	1000000	1000000	758864	753474	75.89	75.35	1000000	1000000	74532	74212	7.45	7.42
